Keyword ID,Cluster,Primary keyword,Keyword type,Search intent,Target audience,Recommended asset,Funnel,Priority,Existing page or target,Supporting terms,Recommended content angle,Data status
IONM-001,IONM,intraoperative neuromonitoring,Core,Informational and commercial,Surgeons clinical engineers procurement teams,Pillar page plus guide,TOFU-MOFU,P1,intraoperative-neuromonitoring-ionm,IONM intraoperative neurophysiological monitoring neuromonitoring system,Define IONM modalities workflow and supplier evaluation,No public volume data collected
IONM-002,IONM,intraoperative neuromonitoring system,Commercial,Commercial investigation,Hospital procurement distributors,Product category page,MOFU,P1,intraoperative-neuromonitoring-ionm,IONM equipment intraoperative monitoring system neural monitoring system,Compare system architecture modalities workflow and service support,No public volume data collected
IONM-003,IONM,IONM system,Commercial,Commercial investigation,Procurement teams distributors,Product page and comparison guide,MOFU,P1,Target product hub,Cynapse IONM system multimodal IONM system,Map system capabilities to surgical use cases without unsupported claims,No public volume data collected
IONM-004,IONM,intraoperative neurophysiological monitoring,Informational,Informational,Clinicians trainees,Educational guide,TOFU,P1,technical-resources,neurophysiological monitoring IONM modalities evoked potentials,Explain terminology and monitoring objectives,No public volume data collected
IONM-005,IONM,intraoperative nerve monitoring equipment,Commercial,Commercial investigation,Hospital procurement distributors,Product category page,MOFU,P1,intraoperative-neuromonitoring-ionm,nerve monitoring equipment surgical nerve monitor IONM equipment,Create an equipment selection framework by procedure and modality,No public volume data collected
IONM-006,IONM,intraoperative spinal cord monitoring,Informational and commercial,Problem solving and product evaluation,Spine surgeons hospitals,Clinical solution page plus guide,MOFU,P1,spine-surgery,spinal cord monitoring system spine surgery neuromonitoring,Explain functional monitoring during spine procedures and link to Cynapse,No public volume data collected
IONM-007,IONM,spinal cord monitoring system,Commercial,Commercial investigation,Hospital procurement,Product page or procurement guide,MOFU,P1,Target product hub,spinal cord monitoring equipment intraoperative spinal monitoring,Define configuration requirements and service questions,No public volume data collected
IONM-008,IONM,nerve monitoring during surgery,Informational,Problem solving,Surgeons operating room teams,How-to guide,TOFU-MOFU,P1,nerve-monitoring-during-surgery-equipment-guide,nerve monitoring equipment intraoperative nerve monitoring surgery monitoring,Build an equipment and workflow guide for nerve monitoring,Observed as an exact site topic in the current News Sitemap
IONM-009,IONM,neuromonitoring equipment,Commercial,Commercial investigation,Procurement teams distributors,Category page plus buyer guide,MOFU,P1,intraoperative-neuromonitoring-ionm,neuromonitoring system neuromonitoring devices medical neuromonitoring,Organize equipment by clinical application and purchasing stage,No public volume data collected
IONM-010,IONM,multimodal IONM,Informational and commercial,Evaluation,Neurophysiologists surgeons,Technical guide,MOFU,P2,Target technical resource,multimodal neuromonitoring MEP SSEP EMG EEG,Explain why modalities are combined and what evidence is required,No public volume data collected
IONM-011,IONM,IONM equipment manufacturer,Commercial,Vendor selection,Distributors procurement teams,Manufacturer page and supplier guide,BOFU,P1,about-us and manufacturing-capability,IONM manufacturer neuromonitoring manufacturer medical device manufacturer,Show R&D manufacturing quality and service evidence,No public volume data collected
IONM-012,IONM,intraoperative neuromonitoring supplier,Commercial,Vendor selection,Distributors procurement teams,Buyer guide and contact landing page,BOFU,P1,global-sales-contacts,surgical monitoring supplier IONM supplier neuromonitoring equipment supplier,Provide supplier evaluation criteria and inquiry CTA,No public volume data collected
EEG-001,EEG,EEG machine,Core,Commercial investigation,Neurology departments procurement teams,Product hub plus guide,MOFU,P1,electroencephalography-eeg,EEG equipment electroencephalograph EEG system,Explain selection by routine ICU research and video EEG use,No public volume data collected
EEG-002,EEG,EEG system,Core,Commercial investigation,Hospitals distributors,Category page,MOFU,P1,electroencephalography-eeg,digital EEG system EEG equipment EEG device,Create a category overview linked to model pages and applications,No public volume data collected
EEG-003,EEG,portable EEG machine,Commercial,Commercial investigation,ICU teams hospitals distributors,Product page plus guide,MOFU,P1,portable-eeg-equipment,portable EEG system mobile EEG machine bedside EEG,Focus on portability signal quality setup and deployment conditions,No public volume data collected
EEG-004,EEG,portable EEG equipment,Commercial,Commercial investigation,Hospital procurement,Procurement guide,MOFU,P1,portable-eeg-equipment,portable EEG machine hospital EEG equipment mobile EEG monitoring,Build a procurement checklist with clinical and service requirements,Observed as an exact site topic in current Blog
EEG-005,EEG,ambulatory EEG system,Commercial,Commercial investigation,Neurology departments procurement teams,Product page and application guide,MOFU,P1,ambulatory-eeg,routine ambulatory EEG system ambulatory EEG equipment,Explain patient mobility recording duration data review and workflow,No public volume data collected
EEG-006,EEG,ambulatory EEG machine,Commercial,Commercial investigation,Clinics hospitals distributors,Product page,MOFU,P1,ambulatory-eeg,ambulatory EEG equipment mobile EEG machine EEG monitoring,Connect product features to ambulatory diagnosis and service support,No public volume data collected
EEG-007,EEG,video EEG system,Commercial,Commercial investigation,Epilepsy centers hospitals,Product page plus clinical guide,MOFU,P1,epilepsy-monitoring,video EEG monitoring system EEG video monitoring,Explain synchronized video and EEG workflow for epilepsy monitoring,No public volume data collected
EEG-008,EEG,high density EEG system,Commercial,Commercial investigation,Research hospitals epilepsy centers,Product page and comparison guide,MOFU,P2,256-channels-fiber-optical-video-eeg-system,high density video EEG 256 channel EEG EEG source localization,Clarify when higher channel density supports a clinical or research need,No public volume data collected
EEG-009,EEG,wireless EEG headset,Commercial,Commercial investigation,Research teams clinics distributors,Product page and guide,MOFU,P2,bluetooth-eeg-headset,wireless EEG device mobile EEG headset wearable EEG monitor,Compare wireless workflow comfort data quality and intended use,No public volume data collected
EEG-010,EEG,digital EEG machine,Commercial,Commercial investigation,Hospital neurology departments,Product page plus procurement guide,MOFU,P1,digital-eeg-machine,digital EEG system EEG diagnostic equipment EEG machine,Explain interoperability reporting workflow and clinical value,Observed as an exact site application topic
EEG-011,EEG,EEG equipment manufacturer,Commercial,Vendor selection,Distributors procurement teams,Manufacturer page and supplier guide,BOFU,P1,about-us and manufacturing-capability,EEG manufacturer neurodiagnostic equipment manufacturer EEG supplier,Use manufacturing quality certification and support evidence,No public volume data collected
EEG-012,EEG,EEG system procurement,Commercial,Purchase planning,Hospital procurement teams,Procurement guide,BOFU,P1,procurement-guide-for-eeg-system-compliance-technical-advantages-and-clinical-value,EEG procurement EEG system buying guide EEG equipment supplier,Use compliance technical clinical and TCO framework,Observed as an exact site Blog topic
EMG-001,EMG,EMG machine,Core,Commercial investigation,Neurology departments hospitals,Product hub plus guide,MOFU,P1,electromyography-emg,EMG system electromyography equipment EMG device,Explain EMG system types clinical workflow and selection,No public volume data collected
EMG-002,EMG,EMG system,Core,Commercial investigation,Clinics hospitals distributors,Category page,MOFU,P1,electromyography-emg,EMG machine EMG EP system neurophysiology system,Build a system overview connected to model and application pages,No public volume data collected
EMG-003,EMG,EMG NCS machine,Commercial,Commercial investigation,Neurology departments procurement teams,Product page and buying guide,MOFU,P1,ncs-emg-machine,EMG NCV machine nerve conduction study machine EMG EP system,Explain combined EMG and nerve conduction requirements,Observed as an exact site application topic
EMG-004,EMG,nerve conduction study machine,Commercial,Commercial investigation,Clinics hospitals distributors,Product page plus guide,MOFU,P1,nerve-conduction-machine,nerve conduction equipment NCS machine nerve conduction study equipment,Focus on stimulation recording reporting and service support,No public volume data collected
EMG-005,EMG,nerve conduction equipment,Commercial,Commercial investigation,Procurement teams clinical engineers,Buyer guide,MOFU,P2,nerve-conduction-studiesncs,nerve conduction machine NCS equipment EMG NCS system,Create a technical and workflow selection checklist,No public volume data collected
EMG-006,EMG,portable EMG machine,Commercial,Commercial investigation,Clinics rehabilitation teams distributors,Product page and application guide,MOFU,P1,portable-emg-machine,portable EMG device mobile EMG system EMG equipment,Explain portability clinical use and data workflow,Observed as an exact site application topic
EMG-007,EMG,EMG EP system,Commercial,Commercial investigation,Hospital procurement distributors,Product page and comparison guide,MOFU,P2,2ch4ch-emgep-system-product-specifications,EMG evoked potential system EMG EP machine neurophysiology system,Map channel configuration to diagnostic and monitoring requirements,No public volume data collected
EMG-008,EMG,EMG machine manufacturer,Commercial,Vendor selection,Distributors procurement teams,Manufacturer page and supplier guide,BOFU,P1,about-us and manufacturing-capability,EMG manufacturer electromyography manufacturer neurodiagnostic manufacturer,Demonstrate product development quality and after-sales capability,No public volume data collected
EMG-009,EMG,EMG equipment supplier,Commercial,Vendor selection,Clinics distributors procurement teams,Buyer guide and contact page,BOFU,P1,global-sales-contacts,EMG supplier EMG equipment manufacturer EMG system supplier,Offer supplier evaluation criteria and inquiry path,No public volume data collected
EMG-010,EMG,electromyography equipment,Commercial,Commercial investigation,Clinics hospitals distributors,Category page plus guide,MOFU,P1,electromyography-emg,EMG equipment electromyography machine EMG diagnostic equipment,Build a category page with use cases and supporting content,No public volume data collected
EMG-011,EMG,nerve conduction study equipment,Commercial,Commercial investigation,Clinical engineers procurement teams,Procurement guide,MOFU,P2,nerve-conduction-studiesncs,NCS equipment nerve conduction machine EMG NCS equipment,Explain technical requirements and consumable compatibility,No public volume data collected
EMG-012,EMG,EMG test machine,Commercial,Commercial investigation,Clinics hospitals,Product page and FAQ guide,MOFU,P2,emg-test-machine,EMG machine EMG diagnostic system electromyography test,Answer common selection questions without making medical claims,No public volume data collected
CONS-001,Consumables,electrophysiology consumables supplier,Commercial,Vendor selection,Procurement teams distributors,Category page and supplier guide,BOFU,P1,consumables--accessories,electrophysiology consumables medical electrodes neuromonitoring consumables,Define quality traceability compatibility and supply criteria,No public volume data collected
CONS-002,Consumables,EMG needle electrodes,Commercial,Product evaluation,Clinical users procurement teams,Product page and technical guide,MOFU,P1,37mm-emg-needle,EMG needle electrode disposable EMG electrode concentric needle electrode,Explain selection by electrode type size connector and intended use,No public volume data collected
CONS-003,Consumables,disposable concentric needle electrode,Commercial,Product evaluation,EMG clinicians procurement teams,Product page and procurement guide,MOFU,P1,disposable-concentric-needle-electrodes,concentric needle electrode disposable EMG needle electrode,Focus on consistency sterility packaging and workflow fit,Observed as an exact site application topic
CONS-004,Consumables,monopolar EMG needle,Commercial,Product evaluation,IONM and EMG clinicians,Product page plus comparison guide,MOFU,P2,monopolar-emg-needles,monopolar needle electrode EMG needle neuromonitoring electrode,Compare use cases and selection factors with evidence boundaries,Observed as an exact site application topic
CONS-005,Consumables,subdermal needle electrodes,Commercial,Product evaluation,IONM teams hospitals distributors,Product page and buyer guide,MOFU,P1,subdermal-needle-electrodes,subdermal needle electrode disposable needle electrode neuromonitoring electrodes,Explain placement workflow connection and supply assurance,Observed as an exact site application topic
CONS-006,Consumables,neuromonitoring electrodes,Commercial,Commercial investigation,IONM procurement teams,Category page plus guide,MOFU,P1,neuromonitoring-electrodes,IONM electrodes EMG electrodes EEG electrodes surgical electrodes,Connect signal quality compatibility and procedure requirements,Observed as an exact site application topic
CONS-007,Consumables,EMG endotracheal tube,Commercial,Product evaluation,ENT and thyroid surgery teams,Product page and clinical guide,MOFU,P1,emg-endotracheal-tube,EMG ET tube EMG tube laryngeal monitoring tube,Explain recurrent laryngeal nerve monitoring workflow and product selection,Observed as an exact site application topic
CONS-008,Consumables,EMG ET tube,Commercial,Product evaluation,ENT surgeons procurement teams,Product page and FAQ,MOFU,P1,emg-et-tube,EMG endotracheal tube laryngeal electrode EMG tube supplier,Use concise FAQ and link to full product page,Observed as an exact site application topic
CONS-009,Consumables,laryngeal electrode,Commercial,Product evaluation,ENT surgeons hospitals distributors,Product page and guide,MOFU,P1,adhesive-laryngeal-electrode,laryngeal monitoring electrode vocalis electrode recurrent laryngeal nerve electrode,Explain electrode role without unsupported outcome claims,No public volume data collected
CONS-010,Consumables,adhesive laryngeal electrode,Commercial,Product evaluation,ENT surgery teams procurement,Product page,MOFU,P2,adhesive-laryngeal-electrode,adhesive electrode laryngeal nerve monitor EMG endotracheal tube,Highlight compatibility labeling packaging and intended use,Observed as an exact site product topic
CONS-011,Consumables,surgical nerve stimulation probe,Commercial,Product evaluation,Surgeons procurement teams,Product page and technical guide,MOFU,P1,surgical-probe,nerve stimulation probe surgical probe stim probe,Explain stimulation function compatibility and procurement criteria,No public volume data collected
CONS-012,Consumables,disposable nerve stimulation probe,Commercial,Product evaluation,OR teams distributors,Product page and procurement guide,MOFU,P1,disposable-nerve-stimulation-probe,disposable stim probe nerve stimulation electrode surgical stimulation probe,Focus on single-use workflow packaging and supply,Observed as an exact site product topic
CONS-013,Consumables,cortical electrodes,Commercial,Product evaluation,Neurosurgery teams hospitals,Product page and application guide,MOFU,P2,cortical-mapping,cortical electrode electrocorticography electrode ECoG electrode,Explain cortical mapping use and compatibility requirements,No public volume data collected
CLIN-001,Clinical,IONM for spine surgery,Clinical and commercial,Problem solving and solution evaluation,Spine surgeons hospitals,Clinical solution page plus guide,MOFU,P1,spine-surgery,spine surgery neuromonitoring spinal cord monitoring MEP SSEP,Explain procedure risks monitoring modalities and workflow integration,Observed as an exact current clinical page topic
CLIN-002,Clinical,neuromonitoring in spine surgery,Informational and commercial,Problem solving,Spine surgeons clinical engineers,Clinical guide,TOFU-MOFU,P1,spine-surgery,IONM spine surgery intraoperative spinal cord monitoring,Answer why when and how monitoring is used,No public volume data collected
CLIN-003,Clinical,intraoperative neuromonitoring for scoliosis surgery,Clinical,Problem solving,Spine surgeons hospitals,Procedure guide,TOFU-MOFU,P2,scoliosis-correction,scoliosis surgery IONM MEP SSEP spinal cord monitoring,Focus on correction stages and monitoring objectives,Observed as an exact site application topic
CLIN-004,Clinical,IONM for neurosurgery,Clinical and commercial,Problem solving and solution evaluation,Neurosurgeons hospitals,Clinical solution page,MOFU,P1,neurosurgery,neurosurgery neuromonitoring intraoperative neurophysiology,Map modalities to cranial and cortical procedures,Observed as an exact current clinical page topic
CLIN-005,Clinical,facial nerve monitoring during surgery,Clinical,Problem solving,Neurosurgeons ENT surgeons,Clinical guide,TOFU-MOFU,P2,facial-surgery,facial nerve monitor intraoperative facial nerve monitoring EMG monitoring,Explain monitoring objectives and relevant consumables,Observed as an exact clinical category topic
CLIN-006,Clinical,recurrent laryngeal nerve monitoring,Clinical and commercial,Problem solving and solution evaluation,Thyroid surgeons ENT teams,Clinical guide plus product link,MOFU,P1,ent-surgery,laryngeal nerve monitor thyroid surgery nerve monitoring EMG ET tube,Create a clinically grounded guide linked to laryngeal products,No public volume data collected
CLIN-007,Clinical,intraoperative nerve monitoring for thyroid surgery,Clinical and commercial,Problem solving and solution evaluation,Thyroid surgeons hospitals,Clinical guide,MOFU,P1,ent-surgery,thyroid surgery nerve monitoring recurrent laryngeal nerve monitoring EMG tube,Explain setup workflow and decision points with compliance review,No public volume data collected
CLIN-008,Clinical,IONM for ENT surgery,Clinical and commercial,Problem solving and solution evaluation,ENT surgeons procurement teams,Clinical solution page,MOFU,P1,ent-surgery,ENT neuromonitoring laryngeal nerve monitoring facial nerve monitoring,Organize procedures equipment and consumables for ENT,Observed as an exact clinical category topic
CLIN-009,Clinical,intraoperative monitoring for vascular surgery,Clinical,Problem solving,Neurosurgeons vascular surgery teams,Clinical guide,TOFU-MOFU,P2,vascular-interventions,vascular surgery neuromonitoring neurophysiological monitoring,Explain monitoring goals and limitations by procedure,Observed as an exact clinical category topic
CLIN-010,Clinical,ambulatory EEG for epilepsy,Clinical,Informational and solution evaluation,Neurologists epilepsy centers,Clinical guide plus application link,TOFU-MOFU,P1,ambulatory-eeg and epilepsy-monitoring,ambulatory EEG epilepsy monitoring EEG recording,Explain when ambulatory monitoring may fit a diagnostic workflow,No public volume data collected
CLIN-011,Clinical,epilepsy monitoring EEG,Clinical and commercial,Problem solving and solution evaluation,Epilepsy centers hospitals,Clinical solution page plus guide,MOFU,P1,epilepsy-monitoring,video EEG epilepsy monitoring unit EEG system,Explain monitoring workflow equipment and reporting requirements,Observed as an exact clinical category topic
CLIN-012,Clinical,nerve conduction studies equipment,Clinical and commercial,Procedure and equipment evaluation,Neurology departments,Clinical guide plus product link,MOFU,P2,nerve-conduction-studiesncs,nerve conduction study machine NCS EMG equipment,Connect test workflow and equipment selection,No public volume data collected
COMP-001,Compliance,CE MDR compliant IONM system,Commercial,Compliance and vendor evaluation,Distributors procurement teams,Compliance guide plus product hub,MOFU-BOFU,P1,certifications--compliance,CE MDR IONM EU MDR neuromonitoring equipment,Explain what buyers must verify and avoid blanket certification claims,No public volume data collected
COMP-002,Compliance,FDA compliant neuromonitoring equipment,Commercial,Compliance and vendor evaluation,Distributors hospitals,Compliance guide,MOFU-BOFU,P1,certifications--compliance,FDA neuromonitoring device FDA clearance IONM compliance,Use product-specific and market-specific wording only after regulatory confirmation,No public volume data collected
COMP-003,Compliance,medical device compliance for EEG,Informational and commercial,Compliance research,Regulatory teams procurement teams,Regulatory guide,TOFU-MOFU,P2,certifications--compliance,EEG compliance medical device certification EEG supplier audit,Build a document checklist by intended market,No public volume data collected
COMP-004,Compliance,EEG CE certification,Commercial,Compliance and vendor evaluation,Distributors procurement teams,Regulatory explainer,MOFU,P2,certifications--compliance,CE certified EEG system CE MDR EEG equipment,Explain certificate scope model match and market limitations,No public volume data collected
COMP-005,Compliance,EMG medical device certification,Commercial,Compliance and vendor evaluation,Distributors procurement teams,Regulatory explainer,MOFU,P2,certifications--compliance,EMG certification medical device compliance EMG equipment,Explain how to verify model scope and intended use,No public volume data collected
COMP-006,Compliance,ISO 13485 medical device manufacturer,Commercial,Vendor evaluation,Distributors procurement teams,Manufacturer and quality page,BOFU,P1,certifications--compliance and manufacturing-capability,ISO 13485 supplier medical device quality system manufacturer audit,Show quality-system evidence without treating ISO as proof of clinical performance,No public volume data collected
COMP-007,Compliance,IONM regulatory compliance,Informational and commercial,Compliance research,Regulatory teams distributors,Regulatory guide,TOFU-MOFU,P2,certifications--compliance,IONM certification neuromonitoring compliance medical device regulations,Explain market-specific documentation and supplier questions,No public volume data collected
COMP-008,Compliance,medical device supplier audit,Commercial,Vendor evaluation,Procurement and quality teams,Buyer checklist,BOFU,P2,manufacturing-capability,medical device supplier evaluation supplier audit checklist medical device factory audit,Provide an audit framework covering quality traceability service and supply continuity,No public volume data collected
PROC-001,Procurement,IONM equipment procurement,Commercial,Purchase planning,Hospital procurement teams distributors,Procurement guide,BOFU,P1,ionm-equipment-procurement-strategies-ensuring-clinical-safety-and-equipment-stability,IONM purchasing neuromonitoring equipment procurement IONM supplier,Create a specification and vendor evaluation checklist,Observed as an exact site topic in current News Sitemap
PROC-002,Procurement,EEG system procurement guide,Commercial,Purchase planning,Hospital procurement teams,Procurement guide,BOFU,P1,procurement-guide-for-eeg-system-compliance-technical-advantages-and-clinical-value,EEG system buying guide EEG equipment procurement hospital EEG,Cover compliance technical clinical workflow and lifecycle value,Observed as an exact site Blog topic
PROC-003,Procurement,how to choose an EEG machine,Informational and commercial,Purchase planning,Neurology departments procurement teams,How-to guide,MOFU-BOFU,P1,Target EEG procurement guide,EEG machine selection EEG system comparison EEG equipment checklist,Turn technical parameters into decision questions,No public volume data collected
PROC-004,Procurement,EEG machine price,Commercial,Price research,Procurement teams distributors,Cost guide with inquiry CTA,BOFU,P2,Target EEG procurement guide,EEG equipment cost EEG system price EEG machine supplier,Explain cost drivers and request-for-quote inputs without publishing unsupported price claims,No public volume data collected
PROC-005,Procurement,EMG machine buying guide,Commercial,Purchase planning,Clinics hospitals distributors,Buyer guide,BOFU,P2,Target EMG procurement guide,EMG system selection EMG machine supplier EMG equipment cost,Compare workflow channel configuration service and consumables,No public volume data collected
PROC-006,Procurement,neuromonitoring equipment supplier,Commercial,Vendor selection,Distributors procurement teams,Buyer guide and contact landing page,BOFU,P1,global-sales-contacts,IONM supplier neuromonitoring manufacturer medical device supplier,Create a supplier due-diligence framework and CTA,No public volume data collected
PROC-007,Procurement,medical device supplier evaluation,Commercial,Vendor evaluation,Procurement and quality teams,Checklist and guide,BOFU,P1,manufacturing-capability,medical device supplier audit manufacturer evaluation medical device sourcing,Assess quality regulatory service and supply continuity,No public volume data collected
PROC-008,Procurement,electrophysiology equipment procurement,Commercial,Purchase planning,Hospital procurement distributors,Procurement hub,BOFU,P1,products and consumables--accessories,electrophysiology equipment procurement EEG EMG IONM equipment,Create a cross-category procurement framework,No public volume data collected
PROC-009,Procurement,hospital EEG equipment,Commercial,Purchase planning,Hospital departments procurement teams,Application and procurement guide,MOFU-BOFU,P2,electroencephalography-eeg,EEG equipment for hospitals hospital EEG system ICU EEG equipment,Match equipment to department and patient workflow,No public volume data collected
PROC-010,Procurement,total cost of ownership medical equipment,Informational and commercial,Cost evaluation,Procurement and finance teams,TCO guide,MOFU-BOFU,P2,Target procurement resource,medical equipment TCO EEG EMG IONM lifecycle cost,Include equipment consumables service software training and downtime inputs,No public volume data collected
OEM-001,OEM/ODM,medical device OEM manufacturer,Commercial,Vendor selection and partnership,Medical device brands distributors,OEM landing page plus guide,BOFU,P1,oemodm,medical device OEM supplier contract medical device manufacturer private label medical device,Explain capabilities project stages documentation and quality controls,No public volume data collected
OEM-002,OEM/ODM,medical device ODM manufacturer,Commercial,Vendor selection and partnership,Medical device brands,OEM landing page and guide,BOFU,P1,oemodm,medical device ODM product development medical device design manufacturer,Explain co-development scope from specification to validation,No public volume data collected
OEM-003,OEM/ODM,EEG OEM manufacturer,Commercial,Partnership research,Medical device brands distributors,OEM guide and landing page,BOFU,P1,oemodm,EEG OEM EEG private label EEG manufacturer,Describe hardware software documentation and market support boundaries,No public volume data collected
OEM-004,OEM/ODM,EMG OEM manufacturer,Commercial,Partnership research,Medical device brands distributors,OEM guide and landing page,BOFU,P1,oemodm,EMG OEM EMG private label EMG device manufacturer,Focus on system configuration consumables documentation and support,No public volume data collected
OEM-005,OEM/ODM,IONM OEM,Commercial,Partnership research,Medical device brands distributors,OEM guide and landing page,BOFU,P1,oemodm,IONM OEM neuromonitoring OEM intraoperative monitoring OEM,Explain platform customization and clinical validation responsibilities,No public volume data collected
OEM-006,OEM/ODM,neuromonitoring device private label,Commercial,Partnership research,Medical device brands distributors,Case study plus OEM guide,BOFU,P2,oemodm,private label neuromonitoring device custom IONM system branded medical device,Explain branding packaging documentation and market-entry workflow,No public volume data collected
OEM-007,OEM/ODM,custom EMG electrodes,Commercial,Product development,Medical device brands distributors,Technical OEM guide,BOFU,P2,oemodm,custom EMG electrode electrode OEM medical consumables customization,Explain design inputs materials packaging and validation questions,No public volume data collected
OEM-008,OEM/ODM,custom medical consumables,Commercial,Product development,Medical device brands distributors,OEM guide and case study,BOFU,P2,oemodm,custom medical electrodes OEM consumables private label medical consumables,Present a full-chain customization framework with compliance review,No public volume data collected
BRAND-001,Brand,neurophysiology equipment manufacturer,Commercial,Vendor discovery,Distributors hospitals,Company profile and topic hub,BOFU,P1,about-us,neurophysiology device manufacturer clinical neurophysiology equipment,Position NCC across IONM EEG and EMG without unsupported leadership claims,No public volume data collected
BRAND-002,Brand,electrophysiology equipment manufacturer,Commercial,Vendor discovery,Distributors procurement teams,Company profile and category hub,BOFU,P1,about-us,electrophysiology equipment manufacturer electrophysiology device supplier EEG EMG IONM,Connect company credentials to product categories and applications,No public volume data collected
BRAND-003,Brand,medical device manufacturer China electrophysiology,Commercial,Vendor discovery,Overseas distributors procurement teams,Manufacturer page and global footprint,BOFU,P2,global-footprint and manufacturing-capability,China medical device manufacturer electrophysiology supplier Chinese medical equipment manufacturer,Use factual manufacturing and compliance evidence,No public volume data collected
BRAND-004,Brand,global IONM supplier,Commercial,Vendor discovery,Distributors hospitals,Global footprint and contact page,BOFU,P2,global-footprint and global-sales-contacts,global neuromonitoring supplier IONM distributor support international medical device supplier,Focus on service network training and regional support,No public volume data collected
BRAND-005,Brand,NCC Medical IONM manufacturer,Branded commercial,Brand and product discovery,Distributors hospitals,Brand hub and product page,BOFU,P1,about-us and intraoperative-neuromonitoring-ionm,NCC Medical neuromonitoring NCC IONM Cynapse IONM,Strengthen branded entity association with verified product and company facts,No public volume data collected
BRAND-006,Brand,NCC Medical EEG manufacturer,Branded commercial,Brand and product discovery,Distributors hospitals,Brand hub and EEG category page,BOFU,P1,about-us and electroencephalography-eeg,NCC Medical EEG EEG manufacturer NCC Medical EEG system,Build branded relevance through product applications certifications and support,No public volume data collected